position,number,review_text,name,city,state,attribution
1,#474,"“I wanted to extend my heartfelt thanks for your guidance and support in helping me purchase my policy. Your patience, clarity, and professionalism made the entire process smooth and reassuring. I truly appreciate the time you took to answer my questions and ensure I felt confident in my decision.

It’s rare to find someone so genuinely committed to helping others, and I’m grateful for your expertise and kindness throughout this experience.

Thank you again for everything!“",Mrs. Singh,Moncks Corner,SC,"Mrs. Singh – Moncks Corner, SC"
2,#473,"“He (agent) was very understanding and very patient. Friendly, easy to talk to.”",Cynthia B.,Eldon,MO,"Cynthia B. – Eldon, MO"
3,#472,"“I would recommend this policy. The agent was very professional, very knowledgeable and explained everything to my satisfaction. He answered all of my questions. He helped me obtain the best life insurance policy according to my needs. I like the plan I purchased because it has no waiting period, the price won’t increase as I get older, the price won’t increase every year, it won’t end at a certain age, and the policy has the best pricing.”",Helen S.,Opelousas,LA,"Helen S. – Opelousas, LA"
4,#471,"“Randy was very helpful and friendly. The coverage and pricing were within my budget. Low pricing, easy to apply.”",Bill M.,Ashville,OH,"Bill M. – Ashville, OH"
5,#470,“Was very helpful explained everything to me. Spoke so he could be understood. He was very pleasant to talk to see. Low prices and easy to apply and a very pleasant agent.”,Larry G.,Madison,IN,"Larry G. – Madison, IN"
6,#469,"“Very professional and very knowledgeable as well as friendly and kind. Good coverage, pricing, same day coverage.”",Julie D.,Bay Town,TX,"Julie D. – Bay Town, TX"
7,#468,"“I feel that I was helped tremendously, and the agent was courteous, kind and professional. Within my budget.”",Florine S.,East Chicago,IN,"Florine S. – East Chicago, IN"
8,#467,"“Agent was very helpful, found a plan that worked for me. Low prices”",Barbara B.,Chattanooga,TN,"Barbara B. – Chattanooga, TN"
9,#466,“Randy found a whole life policy for me that has immediate coverage. No waiting period. The price was right for the coverage amount.”,Glenda P.,Auburn,GA,"Glenda P. – Auburn, GA"
10,#465,“Randy was very kind and helpful. He replaced my Colonial Penn policy with more coverage at less cost. I will send all family and friends to him. Thank you!”,Pauline P.,Killeen,TX,"Pauline P. – Killeen, TX"
11,#464,“Pricing and coverage was great. Easy to apply.”,Charles I.,Russell Springs,KY,"Charles I. – Russell Springs, KY"
12,#463,"“Randy was very informative and patient with getting me approved for life insurance when no other agent could. I like that I can access accelerated death benefit payment, and low monthly payment.”",Danielle N.,Kansas City,MO,"Danielle N. – Kansas City, MO"
13,#462,"“Kind, knowledgeable and patient. He found a plan to fit my needs/budget. Starts immediately, doesn’t expire until I’m 121 y/o, great price that won’t change. Reps many companies so you get the best fit for your needs. Easy apply and qualify. Low prices.”",Jeri T.,Long Beach,CA,"Jeri T. – Long Beach, CA"
14,#461,“Agent Randy helped me out and was very patient with me and gave me twice the coverage for less money. Low prices easy to apply.”,Rachel P.,South Bend,IN,"Rachel P. – South Bend, IN"
15,#460,"“My agent Randy was more than helpful and made this process so easy and understanding. I am referring others to him. I have searched multiple plans and this was the best pricing and coverage. Low prices, easy to apply, and agent was a joy to speak with.”",Sherrie A.,Cordova,TN,"Sherrie A. – Cordova, TN"
16,#459,"“The agent was extremely helpful! I will recommend this site to everyone searching for life insurance. Great price and it’s whole life.Easy and great coverage. Easy and great coverage. Great price, knowledgeable service. Call and get your quote!!”",Barbara Y.,Delaware,OH,"Barbara Y. – Delaware, OH"
17,#458,“Funeral insurance pricing and coverage I can afford.”,Molly H.,Raymond,OH,"Molly H. – Raymond, OH"
18,#457,“Great service. Coverage I wanted at an affordable price. Wonderful agent.”,Margaret W.,Lexington,NC,"Margaret W. – Lexington, NC"
19,#456,"“Made it so easy, and just what I was looking for. Easy to apply and the right price.”",Anita H.,Sand Springs,OH,"Anita H. – Sand Springs, OH"
20,#455,“He was to my knowledge was honest and knowledgeable of what my needs were. Low prices”,Renita J.,Toledo,OH,"Renita J. – Toledo, OH"
21,#454,"“I was totally satisfied with our agent. Easy to apply, lower prices I have ever seen!”",Judy M.,Kingston,OK,"Judy M. – Kingston, OK"
22,#453,“Amazing gentleman; very knowledgeable and help myself and my mom thru what actual coverage we needed. Very honest when. Thank you Randy for all your help.”,Don C.,Browns Mills,NJ,"Don C. – Browns Mills, NJ"
23,#452,"“He got me everything I asked for at a price that I can afford. Coverage was just what I needed Randy didn’t try to get me to buy more than I want or could afford price was just tight. Great prices, easy to get approved in minutes, no pressure at all. I will be sleeping better from now on really appreciated it. I will recommend them to everyone I know. Thanks For Everything!”",Evelyn F.,Caddo,OK,"Evelyn F. – Caddo, OK"
24,#451,“Was great to work with. Prices were great.”,Pamela H.,Downs,KS,"Pamela H. – Downs, KS"
25,#450,"“He listened to what we needed, and got us something we could afford.

Low prices and easy to talk to the agent who helped us.”",Truman E.,Pinevill,MO,"Truman E. – Pinevill, MO"
26,#449,“Coverage and pricing was great. Easy to apply.”,Lyndal F.,Belleville,KS,"Lyndal F. – Belleville, KS"
27,#448,“Great pricing.”,Terry V.,Roanoke,VA,"Terry V. – Roanoke, VA"
28,#447,“Agent was great he made it easy for me to understand. I’m glad that I don’t have to think about this anymore and my family won’t have to worry about this either….so thank you!”,Kathryn O.,Dryden,VA,"Kathryn O. – Dryden, VA"
29,#446,"“My agent, Randy VanderVaate, was most helpful. He answered my questions but did not attempt to push anything on me that I wasn’t interested in. He trusted that I knew my situation better than he did. He was most helpful but not pushy. It was the coverage I wanted at a price I could afford. It gives me peace of mind.”",Joyce C.,Pulaski,VA,"Joyce C. – Pulaski, VA"
30,#445,"“I am totally thrilled with the whole life insurance policies we got through Final Expense Guy! (not a paid cheerleader, just a very satisfied customer in poor health in his 60’s who now has whole life insurance that never expires and never gets more expensive.)”",Scott D.,Winston-Salem,NC,"Scott D. – Winston-Salem, NC"
31,#444,“I got more coverage at a cheaper price.”,Kristy O.,Beaufort,NC,"Kristy O. – Beaufort, NC"
32,#443,"“He was able to find a policy with more coverage. He was very friendly &amp;amp; patient. More coverage at less price. Low prices, can apply easily.”",Ruth C.,Grifton,NC,"Ruth C. – Grifton, NC"
33,#442,“Excellent. Great to work with. Good price. Agent was fantastic.”,Barbara M.,Murfreesboro,TN,"Barbara M. – Murfreesboro, TN"
34,#441,"“He got me set up with a life insurance policy. Affordable prices, easy to apply. Randy was very helpful”",John S.,Kinsley,KS,"John S. – Kinsley, KS"
35,#440,“Randall was very helpful and finding me coverage for my family was easy. Can find you coverage with any health issues. No waiting period.”,Randy L.,Houston,TX,"Randy L. – Houston, TX"
36,#439,“The agent was so helpful &amp;amp; the price is awesome for the amount of coverage! Friendly people!”,Janet S.,Fayetteville,AR,"Janet S. – Fayetteville, AR"
37,#438,“He did a very good job. He took his time explain everything to me. I like it very much.”,Quintin H.,Elizabeth City,NC,"Quintin H. – Elizabeth City, NC"
38,#437,“Low price and easy to apply.”,Debra G.,Portland,IN,"Debra G. – Portland, IN"
39,#436,“Randall found us the perfect policy at a great price. Easy application and great rates.”,Kim L.,Warner Robins,GA,"Kim L. – Warner Robins, GA"
40,#435,"“Randy was so knowledgeable and helped me to select a final expense insurance policy to fit my budget.

Will highly recommend to my family and friends. I liked that I can add to it at any time. The cost fit my budget and coverage pricing will not go up. Plan does not expire at 80 or 89 it continues well past a hundred. Get customer service, easy to apply for with agent being there every step with you”",Sherry N.,San Augustine,TX,"Sherry N. – San Augustine, TX"
41,#434,“Agent and prices was very good.”,Susan M.,Oklahoma City,OK,"Susan M. – Oklahoma City, OK"
42,#433,“Thank you so much for taking time to answer my questions and search for the best policy to meet my needs! You were awesome and I appreciate it so much. You made it easier for me to go through the process and again I thank you for your patience and assistance.,Joan S.,Charleston,MS,"Joan S. – Charleston, MS"
43,#432,“He (agent) was very good at explaining everything I needed to know and very much a professional. The plan coverage is exactly what I was looking for. Everything about Final Expense Guy is exceptional! I will definitely refer them all to people I know!”,Jeanine C.,Bowman,GA,"Jeanine C. – Bowman, GA"
44,#431,“Wonderful couldn’t ask for anyone better. Everything was easy.”,Juanita G.,Temple,GA,"Juanita G. – Temple, GA"
45,#430,"“Good prices. It was not scary or frustrating at all! The agent guides the applicant through the process from the beginning to the end. The agent was friendly, knowledgeable and very encouraging to ask any questions. The coverage I purchased is for burial cost. The price is really good and that there isn’t a waiting period a big plus.”",Denise B.,Belcourt,ND,"Denise B. – Belcourt, ND"
46,#429,"“Randy V. helped find us the right coverage at the right price with companies that aporoved us without problems with healthcare questions. They approved me despite my health! Easy, all done over the phone. Friendly, fast and even fun!”",Patti D.,Floyd,VA,"Patti D. – Floyd, VA"
47,#428,“Good coverage and price.”,John C.,Malden,MO,"John C. – Malden, MO"
48,#427,"“Our agent, Randy, was superb. Excellent agent, knowledgeable and efficient, easy telephone application and approval, we were insured before we hung up the phone. Excellent rates, the best possible value for my situation.He made our life insurance purchase easy and even fun. Besides being a real professional, and amazingly knowledgeable, he was friendly and made us feel relaxed in what could be an anxiety-ridden application process. We would strongly recommend using Final Expense Guy to get your final costs insured. An affordable plan that provides me plenty of security even though my age and health is not optimum. Our agent knew exactly which policy would get me approved, and what cost to benefit plan provided me the best policy I could afford.”",Scott & Patti D.,Winston-Salem,NC,"Scott & Patti D. – Winston-Salem, NC"
49,#426,"“Randy was a blessing. He saved us money, and he was very truthful and easy to talk to. He was great. Price was great and easy to apply. Thanks so much.”",Dolores W.,Frederick,MD,"Dolores W. – Frederick, MD"
50,#425,“Randall was very helpful getting me life ins he was very nice. Plan was what I was looking for and price was right for my income. Prices are good and very helpful with application.”,Pauletta L.,Elkhart,IN,"Pauletta L. – Elkhart, IN"
51,#424,“Helped me get a policy that I could afford loved every minute of it was very helpful enjoyed it it was a good thing. The pricing was great everything was good I liked it all. Definitely low prices.”,Jerry P.,Knoxville,TN,"Jerry P. – Knoxville, TN"
52,#423,“Pricing was great love the whole life. Low prices and customer service was great and not pushy. Randy was the best!”,Juanita G.,Temple,GA,"Juanita G. – Temple, GA"
53,#422,"“Just enough life insurance, with a nice price. Very understanding agent.”",Warren R.,Lake Charles,TX,"Warren R. – Lake Charles, TX"
54,#421,“Great customer service!”,Patty S.,Lexington,MO,"Patty S. – Lexington, MO"
55,#420,“Randy got me more coverage for less money. The coverage is exactly what I was looking for and it is budget friendly. Easy application process great pricing”,Bonnie C.,Monticello,IN,"Bonnie C. – Monticello, IN"
56,#419,“He was very friendly helpful and informative. Coverage and the price was good for my age. “,Lynda C.,London,KY,"Lynda C. – London, KY"
57,#418,“Excellent low prices and easy to apply.”,Jannette J.,Saint Petersburg,FL,"Jannette J. – Saint Petersburg, FL"
58,#417,"“Randy helped me save over $40 a month on my whole life insurance. Very relieved to know they like helping people on a fixed income find lower pricing. Easy to pay, low rates, and professional customer service.”",Delores O.,Fort Wayne,IN,"Delores O. – Fort Wayne, IN"
59,#416,“Randy did a great job helping me with my application for life insurance he answered all my questions timely and accurately I was able to get the coverage I needed I would recommend him very highly. I got the coverage on that I needed at the price I could afford. Excellent and knowledgeable staff friendly and helpful staff “,Lawrence G.,Porter,IN,"Lawrence G. – Porter, IN"
60,#415,"“Got my life insurance policy coverage,scheduled the same day. Very easy to talk to. Immediate coverage, after the first premium is paid. Easy to apply, good approval odds.”",Suzetta L.,Columbus,OK,"Suzetta L. – Columbus, OK"
61,#414,“Randy was great!”,Teresa C.,Salem,MO,"Teresa C. – Salem, MO"
62,#413,“I have this plan. I am very satisfied witt the plan that I could afford and they accepted me even though I have a chronic disease. It takes the worry of not leaving my family to take care of this when I pass away.”,Rhonda W.,Nicholasville,KY,"Rhonda W. – Nicholasville, KY"
63,#412,"“Randy helped a lot. I appreciated his sincerity, his honesty, and his understanding. After telling Randy what I currently had, he advised that we stay where we were at, that it was in our best interest. A very honest man, and a real asset to your company I might add. Again, thank you Randy. I will recommend this company totally because of Randy. He is honest, straightforward, and sincere. He is the reason I would recommend your company to anyone.”",Paul M.,Elgin,IL,"Paul M. – Elgin, IL"
64,#411,“Took all my information and got me a good rate. A good plan for my age and budget.”,Everett M.,Lynneville,IN,"Everett M. – Lynneville, IN"
65,#410,“Very happy with the service my agent gave me. The low prices and easy to apply.”,Susan F.,Rising Sun,IN,"Susan F. – Rising Sun, IN"
66,#409,“Excellent life insurance. Easy to apply and very friendly advisor. Randy is awesome. “,Millie S.,Urbana,IL,"Millie S. – Urbana, IL"
67,#408,“Walked me through every step. Price was great.”,Dennis S.,Beattyville,KY,"Dennis S. – Beattyville, KY"
68,#408,"“I think my plan is excellent. I would recommend, because it was easy to apply and the rates are great.”",Varerie M.,Grandy,NC,"Varerie M. – Grandy, NC"
69,#407,“Randy was very helpful in helping me with my life insurance needs. It’s more coverage at a lowet rate. Rating 10 out of 10!”,Wilma M.,Canton,OH,"Wilma M. – Canton, OH"
70,#406,"“Randy VanderVaate was very helpful in providing information that best suited my needs. It is in effect the first day of approval, the price never goes up, and it’s for life. Affordable prices; easy application; helpful agents. Thank you!””",Rosa D.,Brooklyn,MS,"Rosa D. – Brooklyn, MS"
71,#405,“He took alot of time to explain this insurance to me.I feel he was honest and wanted to make sure I understood everything about my policy. Lower prices for seniors. I would recommend this insurance to friends that don’t have alot of money to spend on life insurance.“,Sharmay M.,Sebring,OH,"Sharmay M. – Sebring, OH"
72,#404,"“I have been struggling with end of life funeral expenses for several years now.

Today I got help from a gentleman named Randy who took me through the process in a short amount of time…and I finally got a funeral fund I could afford. A load is lifted. Thank you Lord…just perfect!!“",Ruth B.,Bassett,VA,"Ruth B. – Bassett, VA"
73,#403,“He were very helpful and very understanding. Easy to apply and low prices.“,Mary B.,East Point,GA,"Mary B. – East Point, GA"
74,#402,“He were very helpful and very understanding.“,Richard M.,Merigold,MS,"Richard M. – Merigold, MS"
75,#401,"“GOOD prices, ease of applying are some real positive influences.",Richard M.,Merigold,MS,"Richard M. – Merigold, MS"
76,#400,"“GOOD prices, ease of applying are some real positive influences. “",Richard M.,Merigold,MS,"Richard M. – Merigold, MS"
77,#399,"“They answered my questions with straight forward answers. GOOD prices, ease of applying are some real positive influences. “",Gary C.,Hillsdale,MI,"Gary C. – Hillsdale, MI"
78,#398,“He was very informative about everything and had a wonderful personality. The great price and immediate coverage is wonderful. I liked everything about it.“,Richard M.,Merigold,MS,"Richard M. – Merigold, MS"
79,#397,"“Randy explained my questions in detail for me and he was extremely pleasant doing it! I like that Randy found me a Whole Life policy for cheaper than what I had for a smaller coverage for Term Life. Final Expense Guy is easy to apply and the company he found for me was, as I stated previously, the price was lower than what I had. Randy is an excellent agent and I feel so blessed to have him on my side!“",Sonya W.,Richmond,TX,"Sonya W. – Richmond, TX"
80,#396,“Extremely knowledgeable and helpful with finding right insurance coverage for me. The amount of coverage I was looking for was great and at a price I can afford. Easy application and a very helpful agent.“,Jacque M.,Warthen,GA,"Jacque M. – Warthen, GA"
81,#395,“Wonderful customer service and pricing. Coverage was better than Colonial Penn and Senior Life with better premium!“,Brigette B.,Chesapeake,VA,"Brigette B. – Chesapeake, VA"
82,#394,"“He explained things very clear, made sure I understood before going on took his time to explain things. Great price!“",Eudelia T.,Lockhart,TX,"Eudelia T. – Lockhart, TX"
83,#393,“Randy was informative and helpful in explaining my options and walking me through the process. Easy to apply and the peace of mind and a price I can afford.“,Aileen D.,Broken Arrow,OK,"Aileen D. – Broken Arrow, OK"
84,#392,“He was very helpful he helped me acquire the policy that I needed he was very friendly and knew his product. I like the coverage I got and the price that it cost me he was very good about helping me with the product. I will recommend this to all my friends it was easy to apply and the rates I thought were very fair.“,Roy H.,Oak Hill,OH,"Roy H. – Oak Hill, OH"
85,#391,"“They were able to get me a policy. No waiting period, more coverage, and price is good. Really easy to apply and fast results.“",Yolanda A.oe H.,Bastrop,TX,"Yolanda A.oe H. – Bastrop, TX"
86,#390,“He was very good and got everything done for us. It is very affordable and has everything we needed. It’s easy to apply and very affordable. Thank you Randall very much!“,Lisa B.,Tell City,IN,"Lisa B. – Tell City, IN"
87,#389,“Agent did a great job. Great price for the coverage. Easy to apply .“,Joe H.,Berkely Springs,WV,"Joe H. – Berkely Springs, WV"
88,#388,"“Great and knowledgeable, helpful, and caring agent. I’m glad I had the honor to do business with him. I will be recommending him to others who may not be insured. The Plan and Coverage is what I was looking for, and at the right price within my budget. It was easy to apply for my Insurance.“",Yolanda W.,Orange,TX,"Yolanda W. – Orange, TX"
89,#387,“Very knowledgeable and explained everything. Low prices.“,Carmen T.,Pecatonica,IL,"Carmen T. – Pecatonica, IL"
90,#386,“They got me approved for same day coverage at a lower premium and more coverage than Colonial Penn. No waiting period and higher coverage and lower premium. Easy application and low prices.“,Gail D.,Canto,GA,"Gail D. – Canto, GA"
91,#385,“Very friendly and professional. Spoke slow and clear for me as I’m a senior citizen. Answered all my questions and encouraged me to ask as many as I wanted. Low prices and easy to apply and professional and friendly staff. No waiting period and no price jump and does not cancel at 80.“,Debora M.,Milton,FL,"Debora M. – Milton, FL"
92,#384,“Randy was a great help and I feel blessed. Thanks so much. I feel like this is a great deal. Good prices and is easy to understand.“,Dana W.,Keysville,VA,"Dana W. – Keysville, VA"
93,#383,“I was denied by PrimeAmerica but Randy VanderVaate was able to get me a policy to take the burden off my kids after my death…thank you Randy!!! Coverage fits my needs and the approval was instant. It simplifies everything and its nice I will keep my agent and not be passed of to someone else.“,Michael A.,Bakersfield,CA,"Michael A. – Bakersfield, CA"
94,#382,“I have been denied insurance multiple times before for my diabetes and this one worked great. First day coverage and the right price. Easy to apply for.“,Robert L.,Hurricane,UT,"Robert L. – Hurricane, UT"
95,#381,“Mr. Randy was a great help in changing my insurance. Great price reduction I’m glad I spoke with him. He is a great agent. There’s a few friends of mine I will recommend to him.“,Whitney D.,Beaumont,TX,"Whitney D. – Beaumont, TX"
96,#380,“They were very good and helpful. It was easy to apply and also the cost was perfect.“,"Devina, G.",Corpus Christi,TX,"Devina, G. – Corpus Christi, TX"
97,#379,"“I had a United of Omaha plan with a waiting period and Randy helped me obtain a no-wait plan for less money. Pricing, coverage, and no-wait insurance PLUS a very good salesperson! Terrific person!“",Michael M.,Blair,NE,"Michael M. – Blair, NE"
98,#378,"“Mr Randall walked me through the entire process. Answered

all my questions. My agent was very knowledgeable, friendly and thorough. Price was reasonable. Everything is a go.“",Malcolm Y.,Blue Mountain,MS,"Malcolm Y. – Blue Mountain, MS"
99,#377,“He helped me find a policy that was right for me. Easy to apply and pricing.“,Mary T.,Williamston,NC,"Mary T. – Williamston, NC"
100,#376,“Clear and explained properly. Excellent price and convenience.“,Victor S.,San Antonio,TX,"Victor S. – San Antonio, TX"
101,#375,“Professional friendly and to the point got all finished promptly. Both coverage and price was great.“,Carol M.,Warrenton,MO,"Carol M. – Warrenton, MO"
102,#374,“He helped me to see that I could buy some insurance now and add more to it later. Very helpful and friendly overall. Pricing competitive with other companies. I would give my friends my agents name and phone number because he was easy to understand.“,Mary T.,Williamston,NC,"Mary T. – Williamston, NC"
103,#373,"“Was very helpful in getting me a policy within my budget. Very informed. Low prices, easy to apply, great benefit.“",Dorothy L.,Wake Forest,NC,"Dorothy L. – Wake Forest, NC"
104,#372,“I love the price. Immediate coverage. Easy to apply.“,Jeffery B.,New Philadelphia,OH,"Jeffery B. – New Philadelphia, OH"
105,#371,“Randy was very helpful with a difficult subject. Low price for immediate coverage.“,Kathi H.,Sharonville,OH,"Kathi H. – Sharonville, OH"
106,#370,“Randy got me insurance when no one else could. Low price first day coverage.“,Madeline W.,Macon,GA,"Madeline W. – Macon, GA"
107,#369,“They were very friendly explained everything very good very easy application to do. I like that it will never go up in price.“,Jackie S.,Lexington,TN,"Jackie S. – Lexington, TN"
108,#368,“Randy was very helpful with my whole life policy. The price was something I could afford and the comfort of knowing I should have enough money to pay for my funeral expenses “,Judy C.,Wetherby,MO,"Judy C. – Wetherby, MO"
109,#367,“Very informative answered all my questions. Very helpful agents. Price is good and applying is easy.“,Donna R.,Beckley,WV,"Donna R. – Beckley, WV"
110,#366,"“The pricing and first day coverage are awesome! While I was a bit hesitant after speaking to a different carrier, I’m so happy I did as was able to secure better coverage and a lower premium with Final Expense Guy. The agent was willing to explain all. Randy followed through like a champ. Thank you“",Norma H.,Ashburn,VA,"Norma H. – Ashburn, VA"
111,#365,"“Randy was thorough, professional, and friendly. He made a few efforts to keep in touch, which I appreciated since I needed to take some time to decide to replace my expensive term policy. He searched carefully for an affordable policy which we were able to secure today.“",Bruce W.,Peoria,IL,"Bruce W. – Peoria, IL"
112,#364,"“The agent was very helpful and knowledgeable and I felt very much at ease. I like the 1st day coverage, the pricing, and the easy to understand plan that I chose. They answered my questions and I like the low price. Easy to apply and the agent was very knowledgeable helpful throughout the application process. “",Tina F.,Elwood,IN,"Tina F. – Elwood, IN"
113,#363,“Low prices and it was to apply. Agent was very informative and helpful and patient. We now have peace of mind.“,Sylvia & Lee P.,Yatahey,NM,"Sylvia & Lee P. – Yatahey, NM"
114,#362,“My agent found a reasonable priced policy and he made it easy to apply. Wanted a plan to cover funeral costs that would last until end of life. Very knowledgeable and found a policy that meets my needs. I was approved within minutes.“,Ann B.,Tallahassee,FL,"Ann B. – Tallahassee, FL"
115,#361,"“They helped me replaced my AIG policy with a better first day coverage policy. Agent explained and was very knowledgeable with a very very educated approached…in other words helped a 73 year old lady much thanks a lot. .He was very very patient and knowledgeable. Low prices, easy to apply, helpful agent“",Madalynne P.,Dallas,TX,"Madalynne P. – Dallas, TX"
116,#360,“My Colonial Penn price was too high. The policy I just got from Final Expense Guy is great and the coverage and the price was better. I would recommend this company to my friends.“,Lenora T.,Sylvester,GA,"Lenora T. – Sylvester, GA"
117,#359,“Randy was very knowledgeable and easy to understand in explaining the insurance product that I was interested in. He also saved me money and gave me better coverage at a more reasonable price and benefit. Very good cost wise. Thank you Randy very much.“,Heather M.,Madison,TN,"Heather M. – Madison, TN"
118,#358,“Great coverage for less. Helpful in replacing an existing policy and getting me more coverage for less money. Very efficient with application setup and completion. The process is easy and simple. Would highly recommend the agent and Company.“,Donna A.,Lake Dallas,TX,"Donna A. – Lake Dallas, TX"
119,#357,"“I was approved for my insurance policy for any final expenses. I like the affordability of coverage and peace of mind. Low prices, friendly, easy to apply.“",Tyler H.,Moody,AL,"Tyler H. – Moody, AL"
120,#356,“He was very helpful in getting the right insurance for me. Very pleasant to talk to and would suggest him highly. Convenient. Easy to apply.“,Marvin. G.,Laharpe,IL,"Marvin. G. – Laharpe, IL"
121,#355,“Letting you know that Randy was very nice and was very understanding. We appreciate him for working with us.“,Maxine & David B.,Cleveland,TN,"Maxine & David B. – Cleveland, TN"
122,#354,“Great experience with Randy. The price is affordable for a tight budget. The application process was very fine tuned. I’m happy with the results. I’m thankful to now have coverage and not worry that my children will have to fund my final needs.“,Sandra S.,Mannford,OK,"Sandra S. – Mannford, OK"
123,#353,“Randy was wonderful. Better coverage and good prices.“,Kenneth & Bonnie J.,Byron,GA,"Kenneth & Bonnie J. – Byron, GA"
124,#352,“Very polite and helpful. Great price and easy to apply.“,Darrell L.,Springdale,AR,"Darrell L. – Springdale, AR"
125,#351,“Randy is very helpful and knows how to get what’s needed. Coverage is great and affordable.“,Denise G.,San Antonio,TX,"Denise G. – San Antonio, TX"
126,#350,"“He (agent) was great he explained everything, made sure I understood, and was very helpful. It was what I was looking for and the amount of the policy was great. This company is honest and provides a great service“",Frances F.,Galion,OH,"Frances F. – Galion, OH"
127,#349,“Helped me get an additional policy.“,Mary C.,Fort Worth,TX,"Mary C. – Fort Worth, TX"
128,#348,"“Mr. Randy was very professional and answered all my questions. I will definitely recommend Final Expense Guy to my friends and family, easy to apply and affordable pricing.“",Madonna L.,Hampton,GA,"Madonna L. – Hampton, GA"
129,#347,“Great customer service and fair pricing. Would definitely recommend.“,Doug & Laura L.,Douglasville,GA,"Doug & Laura L. – Douglasville, GA"
130,#346,“They helped get a new and better policy.“,Earlene M.,Hopewell,VA,"Earlene M. – Hopewell, VA"
131,#345,“Very helpful and got me the coverage I needed.“,Larry J.,Terrell,TX,"Larry J. – Terrell, TX"
132,#344,“Randy our agent was fantastic and gave all the information that we needed. Totally honest and very informative and very good customer service. We now have life insurance and the price was excellent.“,John & Dearda B.,Albuquerque,NM,"John & Dearda B. – Albuquerque, NM"
133,#343,“Great pricing and no haggling. Easy to apply and fast.“,Verlin B.,West Plains,MO,"Verlin B. – West Plains, MO"
134,#342,“He got me coverage after I had been turned down by another company. They work with you and are very detailed. Pricing very good.“,Bill C.,Broad Run,VA,"Bill C. – Broad Run, VA"
135,#341,“Very good company. Low prices.“,Sheila D.,Monroe,GA,"Sheila D. – Monroe, GA"
136,#340,“I almost signed up with Colonial Penn. I am so happy that Randy called this morning. Low price and easy to apply. One less worry just knowing I am covered now at a reasonable price. Randy exceeds customer expectations. I recommend Final Expense Guy!“,Marlene K.,Ransom,KS,"Marlene K. – Ransom, KS"
137,#339,“Good price. Great help. Easy to apply.“,Addie J.,Heavener,OK,"Addie J. – Heavener, OK"
138,#338,“I liked the low price and I won’t leave family in a storm in making decisions at the last minute. Excellent service.“,Jeffrey L.,Ada,OK,"Jeffrey L. – Ada, OK"
139,#337,"“I replaced my Colonial Penn policy. My new policy is more affordable and has immediate coverage, Agent was very helpful and no pressure. Fast friendly service, easy application. This company is highly rated and professional.“",Susan S.,Springfield,TN,"Susan S. – Springfield, TN"
140,#336,"“Low prices, more providers to choose from, and more plans to choose from. It was helpful for me to get extra insurance for my family when they will need it. I got the coverage I needed.“",Denford P.,Breaux Bridge,LA,"Denford P. – Breaux Bridge, LA"
141,#335,"“Very helpful agent. The agent walked me through several plans. I got the plan I wanted. I am low tech, but the agent made it easy.“",Glen S.,Lubbock,TX,"Glen S. – Lubbock, TX"
142,#334,“Excellent pricing. Easy to apply.“,Brenda T.,Knoxville,TN,"Brenda T. – Knoxville, TN"
143,#333,“My agent was great at explaining everything. Great Pricing.“,Bonnie S.,Pittsburg,KS,"Bonnie S. – Pittsburg, KS"
144,#332,“You have been a great help. I’m so glad I have this taken care of now!“,Charlyn S.,Spencer,OK,"Charlyn S. – Spencer, OK"
145,#331,"“Low prices, easy to apply, great agent.“",Cathy H.,Hinesville,GA,"Cathy H. – Hinesville, GA"
146,#330,“I found that this agent was sooo very helpful! He answered all my questions and gave info with complete details. I liked him very much and will recommend him to anyone. The price was perfect and fit within my budget.“,Barbara W.,Henryetta,OK,"Barbara W. – Henryetta, OK"
147,#329,“Agent was very helpful and informative and made it an easy process. I like being covered right away and no waiting period. Low prices and very easy to apply.“,Kathleen K.,Clay,MI,Kathleen K. – Clay MI
148,#328,“Randy was very helpful in helping me decide on a policy amount and company. I love the coverage and policy options. Easy to apply and prices are good.“,Mary H.,Memphis,TN,"Mary H. – Memphis, TN"
149,#327,“Just signed up. Great pricing. Easy to apply.“,Robert J.,Alton,IL,"Robert J. – Alton, IL"
150,#326,“Very helpful. Very Happy. Good pricing.“,Georgiania D.,Muskogee,OK,"Georgiania D. – Muskogee, OK"
151,#325,“Low price and great service.“,Barbara & Aubrey G.,Paragould,AR,"Barbara & Aubrey G. – Paragould, AR"
152,#324,“Agent was very helpful and friendly. Pricing was great and coverage was good also. Very friendly company and agent “,John W.,Lakeview,MI,"John W. – Lakeview, MI"
153,#323,“Randy was a great agent. I like my pricing.“,Edward D.,Biloxi,MS,"Edward D. – Biloxi, MS"
154,#322,“They gave me quotes that I could live with. The pricing and the coverage were great. Nice to talk to and they made it easy to apply.“,Nancy L.,Bay Springs,MS,"Nancy L. – Bay Springs, MS"
155,#321,“I had a very pleasant agent and I appreciate all the help. Very nice people to deal with. Better plans for less. Thank you!“,Ivy M.,Bunker Hill,WV,"Ivy M. – Bunker Hill, WV"
156,#320,“My agent was very helpful signing me up and explaining everything to me. Very polite and nice and knowledgeable. Affordable pricing and whole life vs. term life. No price raising ever.“,Susan G.,Shelby,NC,"Susan G. – Shelby, NC"
157,#319,“It’s exactly what I needed to supplement my preparations for final expenses. Agent was friendly and knowledgeable while discussing my options throughout the whole process.“,John L.,Petersburg,VA,"John L. – Petersburg, VA"
158,#318,“Pricing was what I needed and it was within the cost limit that I was looking for. Easy to apply and very personable people.“,Robert L.,Odessa,TX,"Robert L. – Odessa, TX"
159,#317,“Randall was great and very helpful. Low prices!“,Sherry M.,Knoxville,TN,"Sherry M. – Knoxville, TN"
160,#316,"“Best company and agent I have found. Wonderful. Knowledgeable. Enjoyable to talk and work with. Just the right amount, features, and price. Thank You Randy!“",Michael A.,LeRoy,IL,"Michael A. – LeRoy, IL"
161,#315,“We love the pricing and the plan. Easy to apply.“,Jonathan H.,Morton,MS,"Jonathan H. – Morton, MS"
162,#314,“Great guy and very personable. Just what we needed and very easy to apply for. Thank you so much!“,David & Vicki P.,Peru,IL,"David & Vicki P. – Peru, IL"
163,#313,"“Very swift response, service, and quote. Excellent! Highly recommend. Very affordable. Excellent in all respects.“",Robin G.,Shawnee,OK,"Robin G. – Shawnee, OK"
164,#312,“Great job. I like my pricing. Easy application“,Lynn N.,Shawnee,OK,"Lynn N. – Shawnee, OK"
165,#311,"“Good communication and made it easy to understand about the policy, answer my questions in a professional way. Easy to apply, fast approval, good pricing.“",Brian M.,El Campo,TX,"Brian M. – El Campo, TX"
166,#310,“Randall was very helpful and very kind. Easy to apply.“,Ella M.,Lynville,IN,"Ella M. – Lynville, IN"
167,#309,“Very helpful agent. Coverage was easy to apply for. Low prices.“,Patricia W.,Maybank,TX,"Patricia W. – Maybank, TX"
168,#308,“Mr. Randall was absolutely wonderful he explained term life insurance whole life insurance so I now have a better understanding. Thank you Randall I really appreciate it. I am truly grateful for my new policy.“,Mary D.,Chalmette,IA,"Mary D. – Chalmette, IA"
169,#307,“Love all of it. Low price and easy to apply.“,Diana G.,Sayre,OK,"Diana G. – Sayre, OK"
170,#306,“Randall was very knowledgeable and pleasant to work with. The process was simple and quick to complete. Great customer service!“,Marcie D.,Las Vegas,NV,"Marcie D. – Las Vegas, NV"
171,#305,“Very happy with my agent!!! Satisfied with the pricing!! Very easy to apply!!!“,Cheryl C..,Carencro,LA,"Cheryl C.. – Carencro, LA"
172,#304,“Yesterday my husband secured some ins for his end of life through Final Expense Guy.com through Agent Randy. I cannot say enough how courteous and professional he was and bent over backwards to get him a policy for his age. Thank you so much Mr Randy and I encourage everyone looking for this type of insurance to talk to him today….I know he will do his best to get the best for you.“,Sondra & Joe S.,Caraway,AR,"Sondra & Joe S. – Caraway, AR"
173,#303,“Well spoken and very helpful agent. Low pricing fit my budget“,Connie C.,Rayne,LA,"Connie C. – Rayne, LA"
174,#302,“I was well pleased with my agent.“,Keith S.,Marrero,LA,"Keith S. – Marrero, LA"
175,#301,“They explained all the policies available and put me in contact with one I could afford. My plan covers what I need and is affordable on my budget. Easy to apply and affordable“,Georgiana J.,Corydon,IN,"Georgiana J. – Corydon, IN"
176,#300,"“Randy VanderVaate spent a great deal of time helping me secure $11,000 in final expense coverage. He listened to my concerns and was knowledgeable about my options. My experience was great and I will recommend Randy to my friends. “",Leslie H.,Lubbock,TX,"Leslie H. – Lubbock, TX"
177,#299,“Great representative and very knowledgeable.“,Mary F.,Eldon,MO,"Mary F. – Eldon, MO"
178,#298,"“Randy is an excellent helpful friendly agent! Very easy to apply, knowledgeable agent, reasonable cost. It will cover the cremation cost and keep the burden off our family!“",Reginal M.,Duncan,OK,"Reginal M. – Duncan, OK"
179,#297,"“Very good price, really put my mind at ease. My agent Randy was very thoughtful and easy to have a conversation with. Easy to apply, very good agent, very good price!“",Michele M.,Canton,OK,"Michele M. – Canton, OK"
180,#296,“I liked my agent Randy for life Insurance. Thank you Randy for your help and professionalism. It was easy to apply for and I like my coverage and pricing.“,Felix C.,Tucumcari,NM,"Felix C. – Tucumcari, NM"
181,#295,“Randy was very helpful and super nice. The process was fast and all my questions were answered. I would recommend Final Expense Guy because of the pricing and it was so easy. Thanks for the help!“,Wanda E.,Salt Rock,WV,"Wanda E. – Salt Rock, WV"
182,#294,“Randy is a nice agent he help me get low pricing and first day coverage“,Betty B.,Salyersville,KY,"Betty B. – Salyersville, KY"
183,#293,“Randy was great and I love the service. I like the low prices and no one coming to my house“,Jennie H.,Newport,NC,"Jennie H. – Newport, NC"
184,#292,“Price is reasonable for coverage. Easy to apply and friendly service.“,Frank & Kathy B.,Newport,TN,"Frank & Kathy B. – Newport, TN"
185,#291,“Mr. VanderVaate is informative and thorough. He answered all my questions promptly. His approval process was easily understood and carried out. I feel that he is honest and upfront in all aspects of the product he sells. The prices are reasonable.“,Norma B.,Franklinton,NC,"Norma B. – Franklinton, NC"
186,#290,“Randy was very helpful in finding me burial insurance coverage. I appreciate his work and professionalism. It was easy to apply and get approved for coverage.“,Robert H.,Crest Hill,IL,"Robert H. – Crest Hill, IL"
187,#289,“My agent was fabulous and easy to understand. He was patient and extremely helpful. I felt completely safe with Randy and am so happy to work with him. Thank you!“,Tricia D.,Chicago,IL,"Tricia D. – Chicago, IL"
188,#288,“My agent was very helpful. I will recommend to all my family and friends.“,Dorothy G.,Gordonville,TX,"Dorothy G. – Gordonville, TX"
189,#287,“Agent was very helpful. Very pleased!“,Olga V.,Dallas,TX,"Olga V. – Dallas, TX"
190,#286,“Very thorough and affordable.“,Rose V.,Fort Smith,AR,"Rose V. – Fort Smith, AR"
191,#285,“Very knowledgeable and pleasant and helped with every question I had. Easy to apply and low priced.“,William R.,Portsmith,VA,"William R. – Portsmith, VA"
192,#284,“Randy was great helpful the process was quick I will tell all my friend in need of a policy thx you so much Randy“,Lynda & Marvin M.,Oklahoma City,OK,"Lynda & Marvin M. – Oklahoma City, OK"
193,#283,“They found me a policy I could afford.“,Robert B.,Ashdown,AR,"Robert B. – Ashdown, AR"
194,#282,“I got immediate coverage and a low price.“,Quinella H.,Raleigh,NC,"Quinella H. – Raleigh, NC"
195,#281,"“Randy was very helpful in getting me insurance, and I appreciate his helpful attitude. I got a good deal.“",Michael S.,Round Rock,TX,"Michael S. – Round Rock, TX"
196,#280,“Randy was extremely patient and helpful. I like the first day coverage and low pricing.“,Patsy J.,San Antonio,TX,"Patsy J. – San Antonio, TX"
197,#279,“Randy was wonderful. Very Considerate. I will always recommend him to anyone.“,Julie A.,Stockton,MO,"Julie A. – Stockton, MO"
198,#278,“Randy was very helpful and informed about the policy I needed to get. Easy to apply.“,Mary G.,Cape Girardeau,MO,"Mary G. – Cape Girardeau, MO"
199,#277,“Randy was very professional and took great strides in helping us.“,Gary & Mary V.,Bradshaw,NE,"Gary & Mary V. – Bradshaw, NE"
200,#276,“I just thank you honestly for the plan I chose to buy.“,Rafael B.,Phoenix,AZ,"Rafael B. – Phoenix, AZ"
201,#275,“Randy was very cordial and knowledgeable about the type of policies I needed. He helped me with the applications for me and my husband. Randy was very cordial and knowledgeable about the type of policies I needed. He helped me with the applications for me and my husband. Low pricing was the main factor. I would recommend Final Expense Guy because it was so easy to apply and the agent is very helpful.“,Marsha & Paul H.,Chattanooga,TN,"Marsha & Paul H. – Chattanooga, TN"
202,#274,“The agent was wonderful and very helpful. Easy application. I like the price and coverage.“,Wendy J.,Perris,CA,"Wendy J. – Perris, CA"
203,#273,"“Wonderful! Helpful and friendly. No high pressure sales at all. I like the easy application, low price, and excellent service.“",Kathleen K.,Springfield,IL,"Kathleen K. – Springfield, IL"
204,#272,“Randy was so very professional and so very efficient!!! I made an excellent decision to have Randy and Final Expense Guy assist me with this project!“,Stephen G.,St. Augustine,FL,"Stephen G. – St. Augustine, FL"
205,#271,“Half the cost of other plans. Very helpful and friendly as well as very knowledgeable.“,Susan M.,Bristol,TN,"Susan M. – Bristol, TN"
206,#270,“Randy is a good guy to work with“,Dannie G.,Caneyville,KY,"Dannie G. – Caneyville, KY"
207,#269,“Randy is a pleasure to speak with and very patient and kind he made my experience very pleasurable please keep him there he is one of a kind. He is doing what he was born to do!!“,Debbie N.,Kansas City,MO,"Debbie N. – Kansas City, MO"
208,#268,"“I purchased my policy at a great price, and I was very pleased with the help I received from Randy. I like the no waiting period, and it works with my billing needs. Randy was very helpful and easy to talk to, no pressure great attitude. Thanks so much!“",Betty E.,Combs,KY,"Betty E. – Combs, KY"
209,#267,"“The price and coverage will fit me perfect. Very pleased with the price. The agent was very knowledgeable and helpful and he answered all my questions. Easy to apply for, everything explained to you.“",Donna E.,Chimayo,NM,"Donna E. – Chimayo, NM"
210,#266,“All other insurance companies turned me down but Randy got approved for this insurance. Prices and agents are great.“,Edith T.,Gwinn,MI,"Edith T. – Gwinn, MI"
211,#265,“My agent was very helpful with our quotes. It is affordable and what we asked for! Easy to apply!“,Saron W.,Watson,OK,"Saron W. – Watson, OK"
212,#264,“Randy was wonderful helping me. I am on a fixed income and this was a good price for me. This will fit my budget and I like that it is first day coverage with no waiting 2-year wait.“,Rosalyn S.,Pittsburg,TX,"Rosalyn S. – Pittsburg, TX"
213,#263,"“Randy was able to sign us up for simplified issue whole life policies with first day coverage, as well as saving us a substantial amount of money each year. He was very knowledgable and professional throughout the enrollment. We highly recommend Randy to anyone looking for life insurance at a reasonable price.“",Helen & Craig L.,North Ogden,UT,"Helen & Craig L. – North Ogden, UT"
214,#262,“I highly recommend Randy for life insurance questions. I had a United of Omaha policy with a 2 yr waiting period. Final Expense Guy got me first-day COVERAGE for the same amount of money I was paying…thank you!“,Rita M.,Griffin,GA,"Rita M. – Griffin, GA"
215,#261,“Randy was awesome. Great person to work with Treated me like he knew me and what I needed. He has me set up with a great company that I can afford. And not worry about my family. Thank you.“,Sherrie L.,Nitro,WV,"Sherrie L. – Nitro, WV"
216,#260,“Great pricing and my agent was really nice. Low price helped me out because I’m on a limited income.“,Linda G.,White Hall,AR,"Linda G. – White Hall, AR"
217,#259,“I like my pricing and attention to detail with this company! My agent had a great personality and helped me through all the steps. Thank you!“,Beverly L.,College Station,TX,"Beverly L. – College Station, TX"
218,#258,"“Randall was efficient, thorough, and made signing up very easy.“",Richard M.,Avon Park,FL,"Richard M. – Avon Park, FL"
219,#257,“Final Expense Guy had better prices and were easy to apply and get approved. Less time to wait for “,Corenthier S.,Orlando,FL,"Corenthier S. – Orlando, FL"
220,#256,“My agent got me the best policy for my needs. Randy found a coverage I could afford. He was very patient in helpful with my processing of my life ins policy. I like that it will not change price. That it relieves the burden of burial off my family.“,Mary E.,Atkinson,IL,"Mary E. – Atkinson, IL"
221,#255,“If you have any questions I suggest you give Randy a call. I was an agent 30 years and he knows his stuff.“,Lloyd M.,Gainsville,TX,"Lloyd M. – Gainsville, TX"
222,#254,"“Great pricing and rep has great customer service. Low prices, easy to apply and great service!! Thank you Randy!!“",Jadira R.,Chicago,IL,"Jadira R. – Chicago, IL"
223,#253,“I recommend Final Expense Guy Randy was very helpful and so polite and it’s wonderful that your policy starts on the day you pay your funds This is a very good insurance company“,Veronica T.,Memphis,TN,"Veronica T. – Memphis, TN"
224,#252,“Randy is amazing!! He will get you the best insurance to fit your budget. He will give you advice on which insurance policy is best for you. I’m blessed to have found him. Thank you so very much Randy“,Debbie Y.,Oklahoma City,OK,"Debbie Y. – Oklahoma City, OK"
225,#251,“Randy was very helpful. He explained all the products to me and helped get me what I needed.“,Tammy K.,Rogersville,TN,"Tammy K. – Rogersville, TN"
226,#250,“They were very informative and helpful. I would recommend using them!“,Melody S.,Oklahoma,OK,"Melody S. – Oklahoma, OK"
227,#249,“He was good and really helped us. Very good price. I like that the price will never change. “,James S.,Paducah,TX,"James S. – Paducah, TX"
228,#248,“Very helpful & informative agent. Definitely trying to give us what we need at a price we could work into our budget. Easy to apply.“,Pamela R.,Middlebrook,VA,"Pamela R. – Middlebrook, VA"
229,#247,“It fits my needs! It was great! Easy to Apply. They treat their customers fantastic!“,Kirk M.,Marengo,IN,"Kirk M. – Marengo, IN"
230,#246,“Randy was very helpful. He make my day so very happy. Very low price.“,Angelina C.,San Antonio,TX,"Angelina C. – San Antonio, TX"
231,#245,"“Randall was “EXCELLENT and very HELPFUL” he talked to me as a person. Most Insurance agents talk at you but Randall answered all of my questions. I look forward to being a customer with this company. The price was great but the first day of coverage is what I’m so proud of. I got more coverage for a few dollars more. I just buried my husband a month ago and he didn’t have coverage because he was on a policy that had a two year waiting period. If the rest of your agents are as helpful as Randall it’s a no brainier. Besides the low prices,easy to apply and first day coverage. The Agents make the difference to me.“",Deborah S.,Simms,TX,"Deborah S. – Simms, TX"
232,#244,"“He was very helpful with all the information I needed. Easy to apply, pricing and friendly agent.“",Mary M.,Bristol,IN,"Mary M. – Bristol, IN"
233,#243,“He was extremely helpful to get us insured. Low prices easy to do.“,Mary M.,Worthville,KY,"Mary M. – Worthville, KY"
234,#242,“He gave me the best deal he could…he was very personable. I would recommend Final Expense Guy because of easy to apply.“,Connie L.,Paris,IL,"Connie L. – Paris, IL"
235,#241,“They did a really good job of helping us out.“,Connie L.,Paris,IL,"Connie L. – Paris, IL"
236,#240,“I got approved for coverage quickly.“,Earl N.,Springfield,MO,"Earl N. – Springfield, MO"
237,#239,“Randy helped me get whole life insurance when others wouldn’t insure me. They were very helpful and they will help you get the best price. It is reasonably priced for being on a budget. Thank you Randy.“,Nancy B.,Edinburg,VA,"Nancy B. – Edinburg, VA"
238,#238,“Randy helped me a lot. Gave me good information on what policy and company to use. He was very knowledgeable about what would work best for me. Very friendly and enjoyable to work with. Final Expense Guy found the right insurance for me and my budget. It was very easy to apply for.“,Michael B.,Casper,WY,"Michael B. – Casper, WY"
239,#237,” Randy was extremely helpful in finding an insurance company that would meet my needs. He was very friendly to talk with. Low prices and easy to apply. The plan fits my needs and the pricing was within my budget.”,Laurie P.,Hobart,IN,"Laurie P. – Hobart, IN"
240,#236,“Helped us get a final expense policy for my Mom. Good reputation. Good coverage and pricing.“,James S.,Independence,MO,"James S. – Independence, MO"
241,#235,“Randy was very helpful and polite. He helped me to get the Whole Life Insurance that I wanted. It was what I was looking for as of low prices and easy to apply. The price was exactly what I was looking for.“,Barbara S.,Beaumont,TX,"Barbara S. – Beaumont, TX"
242,#234,“Would recommend him at anytime for insurance. Low price plus good until 121 years old.“,Rosie B.,Shreveport,LA,"Rosie B. – Shreveport, LA"
243,#233,“That there is no waiting period..great price and the coverage is just what I need. Very easy to apply.“,Yolanda D.,Austin,TX,"Yolanda D. – Austin, TX"
244,#232,“Low price and easy to get approved.“,Andre T.,Virginia Beach,VA,"Andre T. – Virginia Beach, VA"
245,#231,“Randy did a great job. He explained everything fully. Everything he said was to the point and informative. I like the fact that there is no waiting period. I would certainly recommend this company to other people.“,Phyllis S.,London,KY,"Phyllis S. – London, KY"
246,#230,“Randy was a great help very nice helps with all you need I would advise him dearly“,Judy J.,Chicago,IL,"Judy J. – Chicago, IL"
247,#229,"“It’s good insurance at a fairly good price. So if you haven’t made a plan for when the time comes, this is an excellent policy for taking the grief off the family that’s left behind. GREAT customer service.“",Anne S.,Peabody,KS,"Anne S. – Peabody, KS"
248,#228,"“Randy provided me with a variety of quotes, so I could decide which plan I could easily afford. I appreciate the lower cost as so many plans are atrociously priced. Am definitely going to suggest Final Expense Guy and Randy. It was a pleasure to talk to him. And he listened instead of pushing a policy on me. That, in itself, is worth more than words can express.“",Kathy W.,Oklahoma City,OK,"Kathy W. – Oklahoma City, OK"
249,#227,” Much more easier to talk to than other agents. Very informative and helpful. I like the choice to call back and add coverage.“,Stephen R.,Wichita Falls,TX,"Stephen R. – Wichita Falls, TX"
250,#226,“Expert in getting me the policy I wanted. Cost is good.“,Joan B.,Troy,MO,Joan B. – Troy MO
251,#225,"“Randy is great, beyond helpful and extremely patient, very informative and detailed. I look forward to having him as my number one and only agent for life. I will be recommending Randy to family and friends, etc. Thanks Randy“",Cheryl W.,Fort Worth,TX,"Cheryl W. – Fort Worth, TX"
252,#224,"“Randy is a nice guy. Very helpful & thoughtful. Made the process go smoothly. Both, low cost, easy to apply for. It covers my ass when I’m done.“",Tony T.,Houston,TX,"Tony T. – Houston, TX"
253,#223,“Randall was very helpful and explained every detail every step of the way and was super helpful and friendly. I would recommend Final Expense Guy because of the low prices and super easy to apply. I like the pricing and the coverage.“,Teresa R.,Columbus,IN,"Teresa R. – Columbus, IN"
254,#222,“The price is much better than other insurance companies. It was easy and very affordable. Very pleasant and helpful“,Rhonda H.,Pass Christian,MS,"Rhonda H. – Pass Christian, MS"
255,#221,“The coverage was within our budget with excellent coverage. The price is affordable. Agent was informative and very helpful. Easy to talk with. We highly recommend him.“,Marcia A.,Nacogdoches,TX,"Marcia A. – Nacogdoches, TX"
256,#220,“I like everything the plan has to offer. It’s put my mind at ease and really something that is affordable for being on a fixed income. Very blessed to have him (Randy) help me with this plan..very comforting and caring. My hope is that everyone that needs this insurance gets to talk with him or someone that is like him”,Carol C.,Sesser,IL,"Carol C. – Sesser, IL"
257,#219,“Randall was very good. Wasn’t expensive. Low prices easy to apply”,Theodor B.,Blytheville,AR,"Theodor B. – Blytheville, AR"
258,#218,“Randy was very helpful and a very nice person to talk to. I like the pricing. It was easy to do over the phone. Price is affordable.”,Christina C.,Sophia,WV,"Christina C. – Sophia, WV"
259,#217,“Randy gave me excellent advice for trying to insure my wife who is in a nursing home.”,Nils L.,Lutherville,MD,"Nils L. – Lutherville, MD"
260,#216,“Randy was very helpful today in getting me my policy.”,Linda L.,Greenville,TN,"Linda L. – Greenville, TN"
261,#215,"“I spoke with Randy and all I can say is WOW!! Most insurance salespeople are really pushy. Randy is just amazing, I have quite a few medical issues so he explained what I should do. If you need life insurance call and talk to Randy. He will help you understand what kind of coverage you need.”",Debbie Y.,Sapulpa,OK,"Debbie Y. – Sapulpa, OK"
262,#214,“Randy got me a great policy”,Thomas M.,Martinsville,VA,"Thomas M. – Martinsville, VA"
263,#213,"“Randy was extremely helpful in finding the right policy for us. He was thoughtful, considerate and funny all rolled into one. A overall very enjoyable experience buying insurance. We recommend both Randy and Final Expense Guy to anybody looking for final expense insurance coverage.”",David H.,Florissant,MO,"David H. – Florissant, MO"
264,#212,"“Absolutely wonderful, kind and courteous agents. Helped me get Affordable Life Insurance with NO Medical hassle. My funeral cost per month is below 20.00! Fantastic!! Thanks to them All.”",Connie F.,Warsaw,IN,"Connie F. – Warsaw, IN"
265,#211,“Randy set me right up!! Quick and clean. Thank you Randy!”,Brian G.,Piedmont,KS,"Brian G. – Piedmont, KS"
266,#210,“Randy was extremely pleasant to work with and very knowledgeable. During our first conversation before I gave him my bank info I stated I wanted to research the company more before I did that. Randy did not hesitate in giving me more time to do that and continuing our conversation a few days later. Being a Army Veteran this made me feel very comfortable about Randy and the company. Would definitely recommend.”,Lisa D.,Granite City,IL,"Lisa D. – Granite City, IL"
267,#209,"“Randy V was very kind, helpful and informative!”",Jody M.,Edgerton,KS,"Jody M. – Edgerton, KS"
268,#208,“I appreciate the thoroughness and professionalism of Randy”,Eric N.,Cicero,IL,"Eric N. – Cicero, IL"
269,#207,“Agent was very knowledgeable and kind and assisted in finding me the best policy. Application process was easy.”,Lisa D.,Haughton,LA,"Lisa D. – Haughton, LA"
270,#206,“They were really helpful getting set up with a plan for funeral”,Irvin W.,Guymon,OK,"Irvin W. – Guymon, OK"
271,#205,“Randy was extremely helpful getting us insurance for my husband”,Beverly B.,Woodbury,TN,"Beverly B. – Woodbury, TN"
272,#204,“Thanks for your help! Great service and good price I would highly recommend talking to Randy.”,Paula T.,Chouteau,OK,"Paula T. – Chouteau, OK"
273,#203,“Very professional and easy to work with Randy.”,Preston W.,Beaufort,SC,"Preston W. – Beaufort, SC"
274,#202,“Happy with price and service”,Drema J.,Thorpe,WV,"Drema J. – Thorpe, WV"
275,#201,“Hey Randy helped me save money on my final expenses I would recommend him to everyone. Thank Randy for Your help.”,Adrian L.,Chicago,IL,"Adrian L. – Chicago, IL"
276,#200,“Randy helped me get a policy and I am 58 years old with COPD and chronic kidney disease. He’s a true professional. I recently had trouble with my Direct Express Card and with a single phone call to Randy we got it worked out in minutes. He’s done me a lot of good. I recommend Randy.”,Joe L.,Tyler,TX,"Joe L. – Tyler, TX"
277,#199,“The agent was wonderful he was a great help in getting the policy. He will be very highly recommended from me.”,Calvin D.,Placedo,TX,"Calvin D. – Placedo, TX"
278,#198,"“The agent, Randy was very helpful and friendly when purchased our policies, I highly recommend this company to any one wanting to purchase a policy.”",Darlene G.,Placedo,TX,"Darlene G. – Placedo, TX"
279,#197,“Randy was very helpful to me. Hes very friendly and enjoyable to talk to.”,Saundra M.,Jenks,OK,"Saundra M. – Jenks, OK"
280,#196,"“I signed up with another company and it was a 2 yr waiting period. Called Randy at Final Expense Guy and he got me a 1st day coverage and a better price. So, happy I called Randy.”",Peggy D.,Capital Heights,MD,"Peggy D. – Capital Heights, MD"
281,#195,"“Randy was great…provided all my needs and questions.

Would recommend Randy to all my family”",Marilyn R.,Houston,TX,"Marilyn R. – Houston, TX"
282,#194,“Randy was able to help me cancel my insurance policy that had a 3 year waiting period and got me one that starts from day 1.”,Sherry F.,Brazil,IN,"Sherry F. – Brazil, IN"
283,#193,"“Randy was very helpful to me while choosing the right funeral plan that fit my budget and my needs, I do highly recommend Randy VanderVaate as your agent Thank you so much”",Barbara T.,Indianapolis,IN,"Barbara T. – Indianapolis, IN"
284,#192,“Randy did a great job He was able to get me twice as much insurance for what I was paying”,Diana D.,Evansville,IN,"Diana D. – Evansville, IN"
285,#191,“Can’t tell you how proud I am to have Randy V. as my agent. I am so pleased with my policy at an affordable cost through Final Expense Guy and Randy (my wonderful agent)!!!!”,Barbara E.,McClure,IL,"Barbara E. – McClure, IL"
286,#190,“I just had a insurance policy wrote up for me. Very nice company very nice person named Randy helped me. Love this company! Thank you!”,Rose P.,Liberty,MO,"Rose P. – Liberty, MO"
287,#189,“Randy was very helpful with getting our insurance started. He is very knowledgeable and has a good sense of humor. We didn’t have to wait days before we got approved. We definitely recommend him.”,Connie R.,Oklahoma City,OK,"Connie R. – Oklahoma City, OK"
288,#188,“Randy is a very professional and enjoyable person to talk with. He answered my questions and got me set up with a good company. Thanks Randy!!!”,Alice K.,Wellington,KS,"Alice K. – Wellington, KS"
289,#187,“Randy was very professional in helping me with burial Insurance I would recommend them anytime”,Kathleen J.,Houston,TX,"Kathleen J. – Houston, TX"
290,#186,“We talked with Randy and he was great. I would definitely recommend him if you have any questions or concerns.”,Terri M.,Muskogee,OK,"Terri M. – Muskogee, OK"
291,#185,"“I highly recommend Randy, he was very professional, knowledgeable, kind and courteous. He found me the coverage I was looking for at an affordable price.”",Ray O.,McKinney,TX,"Ray O. – McKinney, TX"
292,#184,“Randy was very professional helpful and informative.”,Ray O.,McKinney,TX,"Ray O. – McKinney, TX"
293,#183,“Randy was professional and quick to answer all of my questions. He was very fact based and also extremely easy to communicate with!”,Ken A.,Kansas City,MO,"Ken A. – Kansas City, MO"
294,#182,"“Randy was absolutely amazing, made a difficult decision much less painless!!! Thanks again!!!”",Shirley A.,Wichita,KS,"Shirley A. – Wichita, KS"
295,#181,“Randy did a good job helping me to get approved for life insurance. I really appreciate how he helped myself and my wife with life insurance coverage.”,Rudy M.,Finger,TN,"Rudy M. – Finger, TN"
296,#180,“Final Expense Guy was a great help in finding affordable insurance for burial. Randy was helpul and answered all my questions. would recommend them to anyone”,Sherry O.,Nobesville,IN,"Sherry O. – Nobesville, IN"
297,#179,“Randy was exceptionally helpful! Very awesome agent and I HIGHLY recommend his services.”,Helen D.,Gaylord,MI,"Helen D. – Gaylord, MI"
298,#178,"“After looking endlessly for the right Life Insurance Policy for my Mother I was finally able to get everything thing I needed after I looked on Final Expense Guy website. Randy helped me with everything I needed & answered all of my questions. If anyone is interested or searching for Life Insurance, this is the person to contact. He’s a great agent.”",Andra H.,Indio,CA,"Andra H. – Indio, CA"
299,#177,“Randy was very helpful and knowledgeable about the policies and i appreciate him very much”,Chris R.,Gary,IN,"Chris R. – Gary, IN"
300,#176,"“Randy was very helpful, friendly & knowledge. He handled all my needs quickly & sufficiently!”",Gloria C.,Waco,TX,"Gloria C. – Waco, TX"
301,#175,“Very professional and I am very pleased”,Leroy L.,Roanoke,VA,"Leroy L. – Roanoke, VA"
302,#174,“Randy was a great agent finding me the correct policy. Highly recommend his services”,Linda H.,Lake Ozark,MO,"Linda H. – Lake Ozark, MO"
303,#173,“Randy is such a wonderful guy. He was so understanding and helpful made sure we understood everything. Lots of patience great sense of humor. Thank you Randy”,Carolyn W.,Russellville,KY,"Carolyn W. – Russellville, KY"
304,#172,“Randy was amazingly helpful with finding the policy I needed. highly recommended”,Margaret T.,Winfield,KY,"Margaret T. – Winfield, KY"
305,#171,"“It was great, I got life ins with having COPD with first day coverage, had a very good conversation with the man that is now my agent thank him so much”",Rebecca B.,West Terrehaute,IN,"Rebecca B. – West Terrehaute, IN"
306,#170,"“Randy, has helped me out, and I would recommend him to anyone! He knows his job well and if you don’t understand stand something he will explain and go over it with you till you do understand! He is one heck of a insurance guy and I wouldn’t go to anyone else but him If you need burial insurance , cremation, and final expense Look him up you will be glad you did he is the best he knows his stuff well! Just give him a call!”",Jody T.,Ofallon,MO,"Jody T. – Ofallon, MO"
307,#169,“Randy is very nice a great young man polite and friendly. I will commend him to my family and friends”,Jeanne D.,Chicago,IL,"Jeanne D. – Chicago, IL"
308,#168,“I was denied by another insurance company but Randy helped me get a plan with first day coverage thank you”,Terry W.,Wilmington,OK,"Terry W. – Wilmington, OK"
309,#167,"“I hated the thought of funeral and burial expenses. Until I talked to “Final Expense Guy.” Randy and I talked honesty back and forth with some humor, built a positive re-pore and it was short, sweet, and a ton off my shoulders. I can see why his company has a 5.0 rating. He knows his business well. Thanks Randy!”",Michel C.,Roscoe,IL,"Michel C. – Roscoe, IL"
310,#166,“Randy is very friendly and helpful.”,Diann G.,Carmi,IL,"Diann G. – Carmi, IL"
311,#165,“Thank you Randy for helping me get good insurance and you understand want I wanted and needed.”,Claire C.,Keyser,WV,"Claire C. – Keyser, WV"
312,#164,“Nice guy..helped alot…going to be together for a long time…lol..thanks Debbie.”,Debbie L.,Indianapolis,IN,"Debbie L. – Indianapolis, IN"
313,#163,“I want to thank Randy for helping me with the process. You were very helpful and friendly. Made the process easy and convenient.”,Josie T.,Phoenix,AZ,"Josie T. – Phoenix, AZ"
314,#162,“Randy was so helpful with helping us to obtain burial insurance. He was there to help getting us approved. I know that Randy will be with us through the end.”,Jacquelin & Charles J.,Lampasas,TX,"Jacquelin & Charles J. – Lampasas, TX"
315,#161,“Randy has spent 2 days helping me understand insurance and finding good policy for both my husband and myself. He has the patience of a Saint!”,Cheryl & Jack G.,Lake Havasu City,AZ,"Cheryl & Jack G. – Lake Havasu City, AZ"
316,#160,“Randy was very helpful in my getting a life insurance policy. Thanks Randy.”,Martha G.,Rockford,IL,"Martha G. – Rockford, IL"
317,#159,“Very affordable. Agent was very polite and understand want I want and needed.”,Blanch H.,Evansville,IN,"Blanch H. – Evansville, IN"
318,#158,"“Great Experience with Randy, I now have peace of mind! Thank you!”",Rita F.,Oklahoma City,OK,"Rita F. – Oklahoma City, OK"
319,#157,“Randy is a very caring individual to work with. He takes his time and gently walked me through the process of getting the insurance I needed. I am grateful to know that he will be with me as a forever friend.”,Karen W.,Hamilton,MO,"Karen W. – Hamilton, MO"
320,#156,“Randy has been very patient and considerate to my needs. He explained things very clearly and helped me to replace my AAA policy. I highly recommend him as an agent. Love that sense of humor!!!”,Carolyn C.,Montgomery,TX,"Carolyn C. – Montgomery, TX"
321,#155,"“Randy our new Insurance agent took a load of stress off our shoulders. He was very polite and set us up quickly. Looking for affordable Life Ins can be a burden but he was patient, reassured us that we won’t be in the dark he is there to help us anytime. Not any agent would be that helpful. I would definitely recommend our agent. Thank you, Randy, now I can sleep better knowing we are covered.”",Teresa S.,McPhearson,KS,"Teresa S. – McPhearson, KS"
322,#154,“Randy was excellent! He was able to screen and qualify me in one evening with a policy that was perfectly fitted to my needs. Very grateful!”,Pricilla E.,Clearwater,FL,"Pricilla E. – Clearwater, FL"
323,#153,“Randy was wonderful with me. He made me feel so much as ease working with him. I would recommend him to everyone. thank you Randy”,Vicki C.,Lafayette,IN,"Vicki C. – Lafayette, IN"
324,#152,"“Randy was excellent in providing detail information for me to make an informed decision. He gave premium notice, established due dates, etc very efficiently. I highly recommend Randy to help anyone seeking funeral expense funds.”",Martha B.,Greenville,TN,"Martha B. – Greenville, TN"
325,#151,“Randy was great to work with. He is very knowledgeable and thorough. I’m glad that I got to work with him. Thanks Randy.”,Roxy P.,Wyandotte,OK,"Roxy P. – Wyandotte, OK"
326,#150,“Randy is the agent that provide me with my new burial Insurance. Taking his time to help me with all my needs. Thanks for providing me with all the my needs.”,Ronald R.,Hazelcrest,IL,"Ronald R. – Hazelcrest, IL"
327,#149,“After spending days researching the best life insurance for my needs I found out it was a waste of time after a half hour talk with Randy…easy and done with by the time we hung up!”,Terry B.,South Bend,IN,"Terry B. – South Bend, IN"
328,#148,“Randy made getting life insurance a very easy process and after all the research I’ve done I wish I would have returned his call a lot sooner because he gave me the best price for my needs. Thank you!”,Terry B.,South Bend,IN,"Terry B. – South Bend, IN"
329,#147,“My agents name was Randy! Very helpful and it’s true within a matter of 15 to 20 minutes he had me in a lifetime policy with very affordable rates!”,Jeannie R.,Corpus Chrisiti,TX,"Jeannie R. – Corpus Chrisiti, TX"
330,#146,“Randy was efficient and very helpful.”,Elaine M.,Chicago,IL,"Elaine M. – Chicago, IL"
331,#145,“Randy was very knowledgeable and helped my husband and I get a low rate for our funeral expenses. Highly recommend him.”,Jeannie L.,South Greenfield,MO,"Jeannie L. – South Greenfield, MO"
332,#144,“Excellent service in obtaining my life insurance policy.”,Rick S.,Saint Charles,IL,"Rick S. – Saint Charles, IL"
333,#143,“Randy was Awesome with getting me Final Expense Guy insurance! It was such a pleasant experience to do business with Randy!! I highly recommend going through Randy for any questions or help with applying and receiving an insurance policy for protecting your family with any financial difficulties. Thank you Randy. You were a pleasure doing business with!! I have a peace of mind knowing my family will be taking care of with all my burial expenses!“,Jeannie R.,Corpus Christi,TX,"Jeannie R. – Corpus Christi, TX"
334,#142,“Randy was fantastic. He was great with getting my mom some burial insurance. I highly recommend him for everyone.”,Rochella B.,Vandalia,MO,"Rochella B. – Vandalia, MO"
335,#141,"“Randy was very helpful, the whole process was very easy and fast. Great job Randy!”",Carla B.,Mena,AR,"Carla B. – Mena, AR"
336,#140,“I found Randy to be very professional and friendly. I have received other calls from other agents none were as easy to work with as Randy. Definitely would recommend him to family and friends.”,Patty E.,Herington,KS,"Patty E. – Herington, KS"
337,#139,“Quick and easy process. Very professional and friendly. I recommend this insurance company as well as talking to Randy who is extremely knowledgeable.”,Sandra L.,Earlsboro,OK,"Sandra L. – Earlsboro, OK"
338,#138,“Great prices great personal service from Randy. Compare before you buy.”,Linda M.,Gainseville,TX,"Linda M. – Gainseville, TX"
339,#137,“Randy was amazing through the whole process. Very simple and great rates. Randy made me feel very comfortable with this decision”,Dona P.,St. Louis,MO,"Dona P. – St. Louis, MO"
340,#136,“Randy was very helpful an nice with everything. Great job.”,Carla B.,Mena,AR,"Carla B. – Mena, AR"
341,#135,“I had a policy with Orca (Insurance Company) and was on Facebook and saw your ad and called and spoke with Randy he was able to get same coverage for a better price. They were very nice and knew everything”,Rada K.,Braggs,OK,"Rada K. – Braggs, OK"
342,#134,“Randall was excellent on helping find the right coverage for me.”,Vivian T.,Gordo,AL,"Vivian T. – Gordo, AL"
343,#122,“Good clear info. Easy to work with and understand.”,Kathy T.,Bixby,OK,"Kathy T. – Bixby, OK"
344,#132,“Randy great job helping me to feel at ease about my final expenses and helping me to understand my policy. I am satisfied and pleased with your recommendation.”,Dorothea M.,Malvern,AR,"Dorothea M. – Malvern, AR"
345,#131,"“I just got my insurance the other night & they made the experience of getting insurance very calm. Randy V. made it so easy to understand I know I made the right choice & I’m happy I have piece of mind now. Anyone interested in investing in this issue needs to get that piece of mind like I’ve got now. Thanks , Deanna”",Deanna W.,Hickman,KY,"Deanna W. – Hickman, KY"
346,#130,“Very helpful easy to understand”,Patricia S.,Utica,MO,"Patricia S. – Utica, MO"
347,#129,“Randy is an awesome agent. Pleasant to talk to and very informative.”,Sarah P.,Nixa,MO,"Sarah P. – Nixa, MO"
348,#128,“Received more coverage for lower cost…agent was very helpful in the total process…recommend him for your purchases…Excellent help with policy…Thank you.”,Dalaha G.,Finley,OK,"Dalaha G. – Finley, OK"
349,#127,“Randy was very helpful and professional. I got more coverage with a reduction in the premium I was paying with another insurance company.”,Helen E.,Dayhoit,KY,"Helen E. – Dayhoit, KY"
350,#126,“Randy is fantastic! He helped me with my insurance needs. Would highly recommend.”,Carolyn B.,Sallisaw,OK,"Carolyn B. – Sallisaw, OK"
351,#125,“I was very impressed with Randy very nice and informative”,Laqueta G.,Glenwood,AR,"Laqueta G. – Glenwood, AR"
352,#124,“Randy did an excellent job of meeting my requirements for a policy. It’s was quick and easy. Thank you for a great job!”,Susie L.,Moulton,TX,"Susie L. – Moulton, TX"
353,#123,“Randy helped me a lot in getting me approved for insurance. He did a great job and was fast in me approved for it. He saved me a good amount of money during the process. I highly recommend him to everyone.”,Terry J.,Shattuck,OK,"Terry J. – Shattuck, OK"
354,#122,"“Made the task easy and comfortable. We were able to meet my needs at this time, thanks.”",Mathy S.,Mount Vernon,GA,"Mathy S. – Mount Vernon, GA"
355,#121,“Very happy and I will let my friends know.”,Mary W.,Hemphill,TX,"Mary W. – Hemphill, TX"
356,#120,"“Randy was very helpful, recommend him.”",Geneva M.,Milton,TN,"Geneva M. – Milton, TN"
357,#119,"“Randy, help me get first day coverage, he was the best ins person I have ever talk to. Thank you so much”",Debbie G.,Strunk,KY,"Debbie G. – Strunk, KY"
358,#118,“Randy was thorough and patient to answer all of my questions. Policy cost was very reasonable and there won’t be any surprises in the future.”,Nona B.,Tecumseh,OK,"Nona B. – Tecumseh, OK"
359,#117,“Wonderful assistance in replacing insurance with immediate approval today. I am very pleased with my agent!”,David B.,Little Rock,AR,"David B. – Little Rock, AR"
360,#116,“Very professional! Great coverage at a low price!”,Glenda C.,Arlington,TX,"Glenda C. – Arlington, TX"
361,#115,“I had a great talk with Randy about getting a policy today. He explained everything so well vs other agents from other companies who didn’t explain anything to me. I would recommend him for anyone who is looking for a life insurance policy. Thank you Randy for helping me get the best policy to fit my needs.”,Gail R.,Edmond,OK,"Gail R. – Edmond, OK"
362,#114,“It was very easy and Randy was great!”,Debora H.,Oklahoma City,OK,"Debora H. – Oklahoma City, OK"
363,#112,“Great information.first day cover great price”,Caroletta R.,McMinville,TN,"Caroletta R. – McMinville, TN"
364,#111,“Courteous Professional service.”,Russell C.,Big Spring,TX,"Russell C. – Big Spring, TX"
365,#110,"“Thank you so much Randy for helping me get my brother insurance. Had no idea the process would be so easy and such a pleasant person to work with.

Thanks again!”",Dan B.,Vandalia,MO,"Dan B. – Vandalia, MO"
366,#109,“My husband and I was running out of options. Thank God we ran across Randy. He was super nice and professional. He helped us to get the coverage we needed at an affordable rate. We are so grateful. We totally recommend him.”,Rosalin T.,McKinney,TX,"Rosalin T. – McKinney, TX"
367,#108,“Very friendly willing to help and got us a good deal.”,Bill C.,Malvern,AR,"Bill C. – Malvern, AR"
368,#1070,“Randy was very helpful in getting my insurance policy.”,Junior S.,Berry,KY,"Junior S. – Berry, KY"
369,#106,"“Randy have been very helpful for my insurance need, this is your man. Thank You.”",Effie S.,Bay City,TX,"Effie S. – Bay City, TX"
370,#105,“Recommend Randy was great help”,Sharron W.,Ada,OK,"Sharron W. – Ada, OK"
371,#104,“Randy was very helpful in getting the coverage for my husband. He was very knowledgeable on everything and made the process very easy. I highly recommend him to others. Thanks Randy!”,Virgina K.,Garland,TX,"Virgina K. – Garland, TX"
372,#103,“Thank you Randy for helping us get Inc (insurance) for my husband we are thankful that you help us”,Delorus L.,Fayetteville,AR,"Delorus L. – Fayetteville, AR"
373,#102,"“Great person. Randy went out of his way to help me. I you need any help with planning for your future, please contact him.”",Willam W.,Fay,OK,"Willam W. – Fay, OK"
374,#101,“Randy was really helpful and friendly. He made this experience great. Thanks Randy”,Phillip M.,Dawson,TX,"Phillip M. – Dawson, TX"
375,#100,“I will say this about Final Expense Guy. I talked to Randy this morning and he was so nice caring and patience with me. He’s the best agent of insurance companies that I have ever talked to. It’s worth every penny that I am paying. He went over everything with me. He talked to me like he had known me all our life’s.”,Carmie P.,Jackson,KY,"Carmie P. – Jackson, KY"
376,#99,“Randy was very helpful and a great price for me”,David R.,Sayre,OK,"David R. – Sayre, OK"
377,#98,“I just (had) the best agent with Randall . He was very very nice and he helped get the best coverage . He is wonderful and I recommend anyone to call and talk to him about about funerals (or) life insurance. The prices very good. So if want this good coverage and price please call and once again Thank you Randall once again for helping me (with) these great prices.”,Brenda K.,Jackson,KY,"Brenda K. – Jackson, KY"
378,#97,“I had an extremely pleasant experience with Randy and his helping me with my cremation insurance. He was very informative and helpful as he walked me through the application and phone interview to finalize my application.. I would highly recommend Randy to help you take care of your insurance needs!! It was so pleasant and stress free!”,Ami F.,Georgetown,TX,"Ami F. – Georgetown, TX"
379,#96,“Very easy to work with. Happy with first day coverage and super affordable. Thanks Randy”,Elizabeth J.,Elizabethtown,KY,"Elizabeth J. – Elizabethtown, KY"
380,#95,“I got my plan today..it was what I needed and what I could afford…the Rep was amazing…great personality..easy to talk to and very knowledgeable…it was a very painless process..I’m very impressed and that doesn’t come easy for me…Thanks Randy!”,Ann S.,Post,TX,"Ann S. – Post, TX"
381,#94,“Randy was very helpful in helping me obtain my insurance policy today.”,Terrie S.,Ponca City,OK,"Terrie S. – Ponca City, OK"
382,#93,“Randy was very helpful in helping me obtain my insurance policy today.”,Terrie S.,Ponca City,OK,"Terrie S. – Ponca City, OK"
383,#92,“Thank you Randy for your excellent help today! You have taken a great burden off of my mind. I would recommend this company to anyone.”,Marice F.,Warsaw,IN,"Marice F. – Warsaw, IN"
384,#91,“Very easy and works with you every step of the way.”,Barbara B.,Breckenridge,TX,"Barbara B. – Breckenridge, TX"
385,#90,“Was helped very well everything was explained to me very well very helpful.”,Guadalupe S.,San Antonio,TX,"Guadalupe S. – San Antonio, TX"
386,#89,“Randy’s has given us peace of mind. Knowing we have immediate coverage is wonderful. He is very knowledgeable about this whole process.”,Janice B.,Cookville,TN,"Janice B. – Cookville, TN"
387,#88,"“Fast easy, easy to deal with no pressure great policy.”",Paul S.,Lafayette,TN,"Paul S. – Lafayette, TN"
388,#88,“Very nice and easy to understand he found me the best policy at a good price.”,Debra S.,Winfield,TN,"Debra S. – Winfield, TN"
389,#87,“Randy was a terrific help to me as I did not know much about this process. He was very thorough and I appreciate Randy and I recommend him for your insurance needs.”,Jerry C.,Jesup,GA,"Jerry C. – Jesup, GA"
390,#86,“Randy was very thoughtful in helping us with our finding the policy best for us. I would recommend him to anyone that needs this.”,Debbie G.,Goodlettsville,TN,"Debbie G. – Goodlettsville, TN"
391,#85,"“I recommend this Final Expense Guy, my agent Randy was very friendly and helpful walking me through this.”",Sherry T.,Purcell,OK,"Sherry T. – Purcell, OK"
392,#84,“Randy was so helpful and made the process very easy.”,Linda L.,Nicholasville,KY,"Linda L. – Nicholasville, KY"
393,#83,“Great to work with glad I called him back.”,Deborah A.,Kansas City,MO,"Deborah A. – Kansas City, MO"
394,#85,“Randy was very nice and helpful. This was the best and most thorough experience I have ever had with an insurance agent.”,Vicki D.,Somerset,KY,"Vicki D. – Somerset, KY"
395,#81,“Randy was great! He explained all my options and was extremely pleasant to talk to.”,Hazel R.,Nahunta,GA,"Hazel R. – Nahunta, GA"
396,#80,"“Randy VanderVaate was great! An awesome, honest, caring person that really takes the time to address all your insurance needs. If you need life insurance please contact him.”",Donna S.,Crossville,TN,"Donna S. – Crossville, TN"
397,#79,“Randy was very pleasant to talk with. He answered all my questions without hesitation. I would recommend him to everyone.”,Suzanne C.,Dallas,GA,"Suzanne C. – Dallas, GA"
398,#78,“Straight and to the point. Randy was very professional and got me exactly what I was looking for. Happy to deal with Randy in the future. Thank you Randy”,Martin G.,St. Ann,MO,"Martin G. – St. Ann, MO"
399,#77,“A real pleasure doing business with Randy. The process was nice and simple! Thanks!”,Russell S.,Atlanta,GA,"Russell S. – Atlanta, GA"
400,#76,“Randy was really helpful and entertaining! Will look forward to him being my agent for years to come.”,Tenna S.,Edmond,OK,"Tenna S. – Edmond, OK"
401,#75,“Randy was most helpful and patient with me asking questions and very easy to work with. Thank you!”,Ernestine J.,Dallas,TX,"Ernestine J. – Dallas, TX"
402,#74,“Agent was very helpful and well educated in this process.”,Cathie D.,Liberty,KY,"Cathie D. – Liberty, KY"
403,#73,"“Randy helped me get the coverage that I needed. Really happy that it is first day coverage. Kudos to Randy, he went above and beyond. I have peace of mind now that I have this plan in place, what are you waiting for, call Randy.”",Leva H.,Cambellsville,KY,"Leva H. – Cambellsville, KY"
404,#72,“Randy was most friendly and helpful to me. He has tremendous knowledge of the companies he represents. I appreciated his patience during a process that I have dreaded for many years. I highly recommend Randy to anyone who needs his services.”,Jean J.,Cushing,OK,"Jean J. – Cushing, OK"
405,#71,"“Would definitely recommend to any one needing coverage. Randy was very polite, helpful, and most of all very patient.. I really enjoyed working with him today.”",Carol W.,San Antonio,TX,"Carol W. – San Antonio, TX"
406,#70,“Very good and expedient sign up!”,Herman W.,Bermingham,AL,"Herman W. – Bermingham, AL"
407,#69,“Randy was awesome! He help me step by step through the whole process. Even had patience when I’m computer illiterate! Thank you very much for helping me. I feel very comfortable now. Great job!”,Kathy G.,West Plains,MO,"Kathy G. – West Plains, MO"
408,#68,"“Randy was very helpful in helping us to get our whole life policy. And also very knowledgeable about the policy, and answered any questions that we had. Thanks again Randy.”",Freeman M.,Jonesboro,GA,"Freeman M. – Jonesboro, GA"
409,#67,“Had a great experience with Randy during this process and really liked that coverage starts from day one – will highly recommend.”,Carolyn R.,Albany,GA,"Carolyn R. – Albany, GA"
410,#66,“I’m an older man with COPD but I was approved with Randy’s help.”,Joe L.,Tyler,TX,"Joe L. – Tyler, TX"
411,#65,“Randy worked very hard to get my coverage in force. I highly recommend him and Final Expense Guy!”,Ann R.,Smithville,TX,"Ann R. – Smithville, TX"
412,#64,"“Fantastic folks. Randy took great care of us today, highly recommended!”",David R.,Dunlap,TN,"David R. – Dunlap, TN"
413,#63,“Randy is a great agent. Found me what I was looking for. Very good agent.”,Teresa R.,Phyllis,KY,"Teresa R. – Phyllis, KY"
414,#62,"“Randy has been great at helping me, he has not pressured me and made me feel very comfortable with the entire process. I look forward to laughing with him more over the years.”",Brenda P.,Ingleside,TX,"Brenda P. – Ingleside, TX"
415,#61,"“I had checked into life insurance prices with various other companies and Randy at Final Expense Guy found me exactly what I was looking for at a very competive price. He answered all my questions and was a pleasure to work with. I am very pleased with my new policy. Thanks, Randy!”",Margaret M.,Stapelton,AL,"Margaret M. – Stapelton, AL"
416,#60,“Very patient agent Randy took the time I needed and found me a great plan.”,Denise G.,San Antonio,TX,"Denise G. – San Antonio, TX"
417,#59,“Randy was very helpful and got us the coverage we needed right away.”,Dan M.,San Antonio,TX,"Dan M. – San Antonio, TX"
418,#58,"“I dont know much about insurance but Randy answered all my questions in terms I could understand. He even made me laugh a few times. I had talked to a couple other places but after talking to Randy I went with him. Talk to Randy, you’ll be glad you did. I was.”",Karen B.,Palestine,TX,"Karen B. – Palestine, TX"
419,#57,“Very informed with information”,Thomas Z.,St. Louis,MO,"Thomas Z. – St. Louis, MO"
420,#56,“Had a very good experience with Randy. He helped me find the right policy for me.”,Janice W.,Bay City,TX,"Janice W. – Bay City, TX"
421,#55,"“Absolutely great Company , my agent Randy was extremely helpful and knowledgeable. Thanks for all your help. I will be recommending to my family and friends. Thanks Randy!!”",Sue W.,Daleville,AL,"Sue W. – Daleville, AL"
422,#54,“I was very pleased with my agent randy he got me approved quickley and i had been months trying to find coverage i would recommend him anytime”,Judie H.,Stopover,KY,"Judie H. – Stopover, KY"
423,#53,"“Randy, was very professional and helpful in helping me select Funeral fund. It was a pleasure talking to him and he explained everything fully. I appreciate all the help he gave me. I would recommend him to everyone.”",Peggie S.,Thomson,GA,"Peggie S. – Thomson, GA"
424,#52,"“Randy was very professional & kind. He explained everything in terms we could understand. We had looked around at other companies they all had a waiting period but Final Expense Guy does not. we are very pleased with this company & would recommend them to any body.

Thank you Randy for all your help”",Sandie M.,Rome,GA,"Sandie M. – Rome, GA"
425,#51,“Randy was very helpful for me I have copd hard to get insurance got me approved for a policy no 2 year waiting period wonderful news for me I recommend to get in touch with him before making decisions with any other policy holder. Thank you so much Randy.”,Donna B.,Garden City,GA,"Donna B. – Garden City, GA"
426,#50,“I have been searching for funeral expenses insurance for a long time. Randy at Final Expense Guy was so helpful and found a company that would approve me! I am so thankful for his help. I recommend this to anyone looking for final expenses planning.”,Rhonda W.,Lexington,KY,"Rhonda W. – Lexington, KY"
427,#49,“Randy helped me and my wife get burial insurance he was very knowledgeable of our insurance plan and was very friendly would recommend him to anyone needing funeral insurance.”,Rocky S.,Del Rio,TX,"Rocky S. – Del Rio, TX"
428,#48,"“Randy VanderVaate made the process so easy. Excellent Agent, VERY knowledgeable, answered my many questions & found the right policy for me within my fixed-income budget. Simply a joy to talk with, so courteous & helpful. Randy went above & beyond in helping me get the right coverage for my golden years.”",Linda T.,Bowling Green,KY,"Linda T. – Bowling Green, KY"
429,#47,"“So grateful for Randy’s help. He found a company that would except me. I have been looking for final expenses insurance for a very long time, each time I was told I would have to wait 2 years for the insurance to take effect. Randy found a insurance company that will take effect immediately. I am so happy. My family will not have to worry about anything when I am gone.”",Rhonda W.,Lexington,KY,"Rhonda W. – Lexington, KY"
430,#46,“Very easy application to get insurance for funerals. You never know when your time is up.”,Irvina L.,Breckenridge,TX,"Irvina L. – Breckenridge, TX"
431,#45,“Randy VanderVaate was very helpful. His positive demeanor and professionalism made my choice a no-brainer.”,Wade J.,Nashville,TN,"Wade J. – Nashville, TN"
432,#44,“Randy helped me get insurance even though i had a stroke other medical problems. Thanks again Randy.”,Allen B.,Nashville,GA,"Allen B. – Nashville, GA"
433,#43,“Randy thank u for helping get a good affordable insurance thank u so much.”,Danny S.,Pikeville,KY,"Danny S. – Pikeville, KY"
434,#42,“Call and talk to Randy he is very good at finding affordable insurance I got coverage for my brother he’s 76 and has cancer Randy got him covered the older you get the higher the insurance gets do it today people.”,Delores W.,Splendora,TX,"Delores W. – Splendora, TX"
435,#41,"“Randy VanderVaate was an excellent agent for me to work with. He’s kind and very knowledgeable about his policies. It was quick and easy and I felt the greatest amount of confidence. Talking about death and funerals is not the most pleasant topics, however, it was managed with total dignity. I highly recommend this company.”",Meri M.,Cedar Park,TX,"Meri M. – Cedar Park, TX"
436,#40,“We absolutely recommend that everyone talk to Randy to help you with your insurance needs. He is very knowledgeable and very friendly. Great job Randy..“,Dianne H.,Pavo,GA,"Dianne H. – Pavo, GA"
437,#39,“Randy helped my husband and I get affordable for final expense. If you need insurance call Randy“,Deborah H.,North Littel Rock,AR,"Deborah H. – North Littel Rock, AR"
438,#38,"“After many turn downs on insurance, I was so happy they said yes. Randy is awesome to talk with and very thorough. Great experience! And I love the no waiting period! Hope I don’t pass anytime soon, however I feel a great relief now I have insurance.“",Regina M.,Bloomington,IN,"Regina M. – Bloomington, IN"
439,#37,“thank u Randy for helping me get good life insurance thank u Randy Danny s“,Danny S.,Pikeville,KY,"Danny S. – Pikeville, KY"
440,#36,“Easy process to buy insurance.“,Connie H.,Raytown,MO,"Connie H. – Raytown, MO"
441,#35,“Great service. I recommend it highly. Immediate coverage. No hassles at all“,Yvonne R.,Atlanta,GA,"Yvonne R. – Atlanta, GA"
442,#34,“Easy enrollment with a knowlegable agent. He answered all questions“,Emma A.,Newington,GA,"Emma A. – Newington, GA"
443,#33,"“My agent, Randy, was very helpful with helping me to find a plan that I can afford. If you are in need, contact them.“",Marry L.,Bullard,TX,"Marry L. – Bullard, TX"
444,#32,“Randy is going to be my agent and he was very helpful. He was able to find insurance I could afford to help my family. I have severe CAD so this is a blessing“,Cynthia E.,Gilbertown,AL,"Cynthia E. – Gilbertown, AL"
445,#32,“I had been denied insurance coverage before from other companies but Randy got me first day coverage!!! Thank you so much for the professionalism“,Brenda W.,Montery,TN,"Brenda W. – Montery, TN"
446,#31,“Great service. I recommend it highly. Immediate coverage. No hassles at all”,Yvonne R.,Atlanta,GA,"Yvonne R. – Atlanta, GA"
447,#30,“Randy was very helpful in finding me an affordable policy in my budget. He was very informative on everything that I ask about. I was very pleased! Thank you very much!”,Connie R.,Kennett,MO,"Connie R. – Kennett, MO"
448,#29,“Randy VanderVaate with Final Expense Guy has been very helpful in finding coverage for older sr. adults. He is very knowledgable about insurance to answer any questions. Thanks.”,Debbie S.,Sevierville,TN,"Debbie S. – Sevierville, TN"
449,#28,"“I’ve been shopping for an affordable funeral policy. These guys are great. My Agent, Randy is very helpful. He found one that even I can afford. I highly recommend them.”",Pam H.,Locust Fork,AL,"Pam H. – Locust Fork, AL"
450,#27,“Randy was very helpful with helping me get insurance. Awesome experience!”,Linda E.,Jellico,TN,"Linda E. – Jellico, TN"
451,#26,"“Final Expense Guy found an excellent quote from AIG to fit my budget, Randy, the agent will take you thru the process step by step. Randy was professional an executed a fantastic policy for me, I highly recommend Final Expense Guy.”",Tim R.,Aliso Viejo,CA,"Tim R. – Aliso Viejo, CA"
452,#25,“Randy was very nice walk me through the application very understanding I am very pleased with this company”,Arthur E.,Austin,TX,"Arthur E. – Austin, TX"
453,#24,“Very efficient agent to work with. I’m very satisfied with the service rendered.”,Mojisola O.,Los Angeles,CA,"Mojisola O. – Los Angeles, CA"
454,#23,“Randy was really helpful in helping me find a policy that fit my needs. Thanks again.”,Eric C.,Orting,WA,"Eric C. – Orting, WA"
455,#22,"“I had a most wonderful experience today with Randy, who was very helpful in finding me the best policy. I recommend Randy and this company to anyone needing insurance.”",Marilyn K.,Norman Park,GA,"Marilyn K. – Norman Park, GA"
456,#21,“I really appreciate the help and guidance I was given through my application process. Thank you again for everything.”,Jim M.,Shelbyville,KY,"Jim M. – Shelbyville, KY"
457,#20,“Randy has been most helpful to me I sent a message and he got back with me quickly he answered the questions and I was well pleased I highly recommend Final Expense Guy to anyone that is looking for this type of insurance.”,Pamela K.,Morrilton,AR,"Pamela K. – Morrilton, AR"
458,#19,“Randy was very helpful and knowledgeable. Thanks for helping us to find insurance that we can afford and that is in the right cost zone. Thanks!”,Darlene M.,Vidalia,GA,"Darlene M. – Vidalia, GA"
459,#18,“Randy was quite helpful and courteous. He walked me through the process and made sure my needs were met. I will be referring him to family and friends.”,Terena W.,Midlothian,TX,"Terena W. – Midlothian, TX"
460,#17,“Thank you so much Final Expense Guy. Every other company start after a two year waiting period. Final Expense Guy start at day one.”,Sharon C.,Jesup,GA,"Sharon C. – Jesup, GA"
461,#16,“Nice people and very efficient”,Marsha P.,Kellier,KY,"Marsha P. – Kellier, KY"
462,#15,“Randy and Josh VanderVaate helped me immensely on getting my policy. I do recommend them.”,Janet R.,Bryant,AR,"Janet R. – Bryant, AR"
463,#14,"“Excellent opportunity today due to Randy VanderVaate, an expert agent. So grateful for his guidance and expertise. Thanks Randy!”",Ruthanne B.,Marina,CA,"Ruthanne B. – Marina, CA"
464,#13,“Randy was very courteous and showed true professionalism while helping me to purchase affordable life insurance.”,Donald T.,Corbin,KY,"Donald T. – Corbin, KY"
465,#12,“Excellent agent super excited about my burial ins. plan”,Julious E.,Edinburg,TX,"Julious E. – Edinburg, TX"
466,#11,“Thank you very happy with you with this very great full Kathy Karch”,Kathy K.,Twin Peaks,CA,"Kathy K. – Twin Peaks, CA"
467,#10,“Randy Vandervaate was extremely helpful with my new policy and took the time to help me understand my existing policy. I would definitely recommend this company.”,Sandy L.,Cedar Hill,TX,"Sandy L. – Cedar Hill, TX"
468,#9,“I thoroughly enjoyed working with Randy VanderVaate. He was so informative and set me up with a policy that fit my needs perfectly. I highly recommend this company.”,Anne R.,Hot Springs,AR,"Anne R. – Hot Springs, AR"
469,#8,"“Final Expense Guy found the policy that met my needs perfectly. The application was handled in a Very professional, informative, patient and kind way. I would recommend Randall Vandervaate as a life insurance agent to anyone looking for life Insurance.”",Sheila Elene Wallen,Potosi,MO,"Sheila Elene Wallen – Potosi, MO"
470,#7,“I researched other Companies before I made the decision to choose Final Expense Guy. I chose Final Expense Guy as a result of Randy VanderVaate’s professionalism and knowledge of his job.”,Nancy S.,Yoakum,TX,"Nancy S. – Yoakum, TX"
471,#6,“Very informative and thorough. I found this to be a great policy and representative very helpful in saving me money.”,Glenda H.,Lee’s Summit,MO,"Glenda H. – Lee’s Summit, MO"
472,#5,“They went out of their way to help us.”,Mary J.,Woodbury,KY,"Mary J. – Woodbury, KY"
473,#4,“Great wonderful professional”,Norma G.,Vinita,OK,"Norma G. – Vinita, OK"
474,#3,“Very friendly and professional agents. Especially Randy VanderVaate.”,Elizabeth C,Cookeville,TN,"Elizabeth C – Cookeville, TN"
475,#2,“For those who die won’t leave loved ones to deal with cost and be able to mourn right and peacefully”,Irma P.,Fort Worth,TX,"Irma P. – Fort Worth, TX"
476,#1,“You was a big help today with our insurance”,Linda Q.,Delight,AR,"Linda Q. – Delight, AR"
